point_id,frame_t,frame_t_plus_1,x_t,y_t,flow_u,flow_v,predicted_x,predicted_y,actual_x,actual_y,tracking_error_pixels,tracking_quality
1,750,751,695.0,354.0,0.5206,1.2664,695.5206,355.2664,695.5732,355.27,0.0527,INLIER
2,750,751,781.0,356.0,1.0439,1.3917,782.0439,357.3917,782.0394,357.3502,0.0418,INLIER
3,750,751,575.0,350.0,0.3054,1.9557,575.3054,351.9557,575.3233,351.9329,0.029,INLIER
4,750,751,493.0,348.0,-0.227,1.8231,492.773,349.8231,492.7788,349.7998,0.024,INLIER
5,750,751,725.0,362.0,0.6945,1.2418,725.6945,363.2418,725.7036,363.2813,0.0406,INLIER
6,750,751,755.0,365.0,0.9366,1.2649,755.9366,366.2649,755.949,366.2562,0.0152,INLIER
7,750,751,580.0,318.0,0.0902,1.0172,580.0902,319.0172,580.062,319.0537,0.0462,INLIER
8,750,751,558.0,388.0,-0.4711,2.91,557.5289,390.91,557.5497,390.8884,0.0301,INLIER
9,750,751,546.0,335.0,0.0262,1.7754,546.0262,336.7754,546.0616,336.7126,0.0721,INLIER
10,750,751,516.0,383.0,-0.9418,2.6939,515.0582,385.6939,515.1031,385.6968,0.0451,INLIER
11,750,751,522.0,336.0,-0.1183,1.699,521.8817,337.699,521.8672,337.6609,0.0407,INLIER
12,750,751,584.0,396.0,0.5341,2.2098,584.5341,398.2098,584.4891,398.2522,0.0618,INLIER
13,750,751,494.0,389.0,-0.7304,2.8659,493.2696,391.8659,493.3223,391.9091,0.0682,INLIER
14,750,751,474.0,340.0,-0.471,1.6024,473.529,341.6024,473.4686,341.5759,0.0659,INLIER
15,750,751,781.0,310.0,1.0789,0.9121,782.0789,310.9121,782.1489,310.9157,0.0701,INLIER
16,750,751,585.0,286.0,0.3302,0.9095,585.3302,286.9095,585.3067,286.9052,0.0239,INLIER
17,750,751,697.0,309.0,0.5556,0.8824,697.5556,309.8824,697.5797,309.8987,0.0291,INLIER
18,750,751,675.0,368.0,0.5971,1.2759,675.5971,369.2759,675.5658,369.2734,0.0314,INLIER
19,750,751,541.0,409.0,-0.6827,3.0104,540.3173,412.0104,540.1768,412.0605,0.1492,INLIER
20,750,751,636.0,384.0,-0.0382,-0.0308,635.9618,383.9692,635.9847,383.9745,0.0235,INLIER
